instant,dteday,season,yr,mnth,holiday,weekday,workingday,weathersit,temp,atemp,hum,windspeed,casual,registered,cnt
1,2011-01-01,1,0,1,0,5,0,1,0.0779,0.0875,0.4235,0.2204,292,605,897
2,2011-01-02,1,0,1,1,6,0,1,0.0573,0.0301,0.3939,0.3418,403,1013,1416
3,2011-01-03,1,0,1,0,0,1,2,0.0824,0.0776,0.4365,0.064,585,1479,2064
4,2011-01-04,1,0,1,0,1,1,1,0.0543,0.0405,0.7366,0.2341,549,1786,2335
5,2011-01-05,1,0,1,0,2,1,2,0.0581,0.0911,0.5282,0.3593,637,1904,2541
6,2011-01-06,1,0,1,0,3,1,1,0.1504,0.0718,0.7502,0.4859,372,1229,1601
7,2011-01-07,1,0,1,0,4,1,2,0.1586,0.1933,0.4936,0.4501,487,1663,2150
8,2011-01-08,1,0,1,0,5,0,2,0.1189,0.119,0.5196,0.2042,310,675,985
9,2011-01-09,1,0,1,0,6,0,3,0.1326,0.0824,0.489,0.1692,347,914,1261
10,2011-01-10,1,0,1,0,0,1,1,0.1331,0.1674,0.6738,0.5806,481,1585,2066
11,2011-01-11,1,0,1,0,1,1,1,0.2188,0.245,0.5445,0.4541,451,1496,1947
12,2011-01-12,1,0,1,0,2,1,2,0.1613,0.1681,0.6694,0.3918,640,1846,2486
13,2011-01-13,1,0,1,0,3,1,2,0.1644,0.2009,0.434,0.4321,532,1713,2245
14,2011-01-14,1,0,1,0,4,1,2,0.077,0.1059,0.6494,0.2141,507,1666,2173
15,2011-01-15,1,0,1,0,5,0,1,0.0632,0.0621,0.2882,0.1897,478,1090,1568
16,2011-01-16,1,0,1,0,6,0,1,0.1164,0.1228,0.2852,0.4115,538,1182,1720
17,2011-01-17,1,0,1,0,0,1,1,0.1787,0.1606,0.5052,0.4785,551,1503,2054
18,2011-01-18,1,0,1,0,1,1,1,0.0585,0.0439,0.7323,0.4207,464,1603,2067
19,2011-01-19,1,0,1,0,2,1,1,0.2529,0.3082,0.5527,0.4987,550,1285,1835
20,2011-01-20,1,0,1,0,3,1,1,0.1176,0.1706,0.503,0.5974,451,1342,1793
21,2011-01-21,1,0,1,0,4,1,1,0.1325,0.1045,0.3499,0.3587,646,1512,2158
22,2011-01-22,1,0,1,0,5,0,1,0.179,0.185,0.3596,0.3465,662,1630,2292
23,2011-01-23,1,0,1,0,6,0,3,0.1092,0.1154,0.6473,0.2001,481,964,1445
24,2011-01-24,1,0,1,0,0,1,1,0.1773,0.1998,0.7753,0.0568,557,1413,1970
25,2011-01-25,1,0,1,0,1,1,1,0.1215,0.1472,0.5424,0.4299,555,1983,2538
26,2011-01-26,1,0,1,0,2,1,2,0.1668,0.1665,0.6728,0.4572,639,1817,2456
27,2011-01-27,1,0,1,0,3,1,1,0.1614,0.1876,0.6729,0.1029,450,1008,1458
28,2011-01-28,1,0,1,0,4,1,1,0.1333,0.1429,0.3476,0.3104,570,1668,2238
29,2011-01-29,1,0,1,0,5,0,1,0.1572,0.1588,0.6727,0.2767,518,903,1421
30,2011-01-30,1,0,1,0,6,0,1,0.1727,0.109,0.689,0.2523,671,1325,1996
31,2011-01-31,1,0,1,0,0,1,3,0.1483,0.1153,0.5484,0.0269,509,1620,2129
32,2011-02-01,1,0,2,0,1,1,3,0.2406,0.2271,0.7285,0.4425,529,1291,1820
33,2011-02-02,1,0,2,1,2,0,1,0.2335,0.2681,0.5903,0.393,396,773,1169
34,2011-02-03,1,0,2,0,3,1,1,0.2181,0.2632,0.404,0.315,603,1732,2335
35,2011-02-04,1,0,2,0,4,1,1,0.2811,0.2379,0.4944,0.0953,663,2008,2671
36,2011-02-05,1,0,2,0,5,0,1,0.2012,0.1853,0.5888,0.2434,448,1186,1634
37,2011-02-06,1,0,2,0,6,0,2,0.2676,0.249,0.3501,0.6346,507,1351,1858
38,2011-02-07,1,0,2,0,0,1,1,0.2734,0.2696,0.4806,0.2157,560,1431,1991
39,2011-02-08,1,0,2,0,1,1,2,0.1813,0.1812,0.6225,0.2651,428,1100,1528
40,2011-02-09,1,0,2,0,2,1,1,0.2314,0.2118,0.5439,0.1436,550,1690,2240
41,2011-02-10,1,0,2,0,3,1,1,0.2387,0.2537,0.212,0.5725,368,1436,1804
42,2011-02-11,1,0,2,0,4,1,1,0.1488,0.1727,0.3315,0.2785,517,1513,2030
43,2011-02-12,1,0,2,0,5,0,1,0.2636,0.1894,0.3843,0.2352,639,1393,2032
44,2011-02-13,1,0,2,0,6,0,1,0.2091,0.1995,0.4495,0.1603,307,1195,1502
45,2011-02-14,1,0,2,0,0,1,1,0.1828,0.1926,0.3798,0.2627,584,1645,2229
46,2011-02-15,1,0,2,0,1,1,1,0.2733,0.2758,0.3975,0.4446,599,1844,2443
47,2011-02-16,1,0,2,0,2,1,2,0.1974,0.2235,0.8085,0.2896,620,1725,2345
48,2011-02-17,1,0,2,0,3,1,1,0.234,0.3133,0.4708,0.4612,486,1554,2040
49,2011-02-18,1,0,2,0,4,1,2,0.3193,0.2897,0.2591,0.2483,430,1329,1759
50,2011-02-19,1,0,2,0,5,0,1,0.2135,0.2324,0.7195,0.1203,544,1405,1949
51,2011-02-20,1,0,2,0,6,0,2,0.1328,0.1247,0.3631,0.3721,512,1235,1747
52,2011-02-21,1,0,2,0,0,1,1,0.3535,0.3203,0.8973,0.0989,540,1598,2138
53,2011-02-22,1,0,2,0,1,1,1,0.1587,0.1867,0.7074,0.1545,454,1678,2132
54,2011-02-23,1,0,2,0,2,1,1,0.2657,0.2375,0.498,0.2462,488,986,1474
55,2011-02-24,1,0,2,0,3,1,1,0.1842,0.1375,0.4354,0.0196,504,1581,2085
56,2011-02-25,1,0,2,0,4,1,1,0.3328,0.3529,0.4743,0.092,430,1381,1811
57,2011-02-26,1,0,2,0,5,0,2,0.2609,0.2686,0.7167,0.3035,292,524,816
58,2011-02-27,1,0,2,0,6,0,1,0.1533,0.1707,0.399,0.5821,497,1192,1689
59,2011-02-28,1,0,2,0,0,1,1,0.149,0.2258,0.5307,0.1617,556,1473,2029
60,2011-03-01,1,0,3,0,1,1,2,0.2956,0.3235,0.1915,0.1022,617,1856,2473
61,2011-03-02,1,0,3,0,2,1,2,0.4031,0.401,0.2235,0.2446,507,1597,2104
62,2011-03-03,1,0,3,0,3,1,2,0.3267,0.3533,0.2776,0.0751,459,1699,2158
63,2011-03-04,1,0,3,0,4,1,1,0.4022,0.4102,0.5181,0.1806,588,1270,1858
64,2011-03-05,1,0,3,0,5,0,2,0.2659,0.2132,0.3142,0.1976,245,667,912
65,2011-03-06,1,0,3,0,6,0,3,0.3841,0.4137,0.266,0.11,534,1299,1833
66,2011-03-07,1,0,3,0,0,1,1,0.3778,0.3591,0.4601,0.3242,531,1601,2132
67,2011-03-08,1,0,3,0,1,1,1,0.3148,0.3612,0.7123,0.2994,597,1748,2345
68,2011-03-09,1,0,3,0,2,1,1,0.3942,0.3657,0.3982,0.087,469,1255,1724
69,2011-03-10,1,0,3,0,3,1,2,0.3966,0.4093,0.4671,0.2745,455,1464,1919
70,2011-03-11,1,0,3,0,4,1,2,0.3747,0.3756,0.5458,0.0565,408,1308,1716
71,2011-03-12,1,0,3,0,5,0,2,0.3769,0.3783,0.7804,0.2535,456,854,1310
72,2011-03-13,1,0,3,0,6,0,1,0.3983,0.3815,0.5575,0.0443,360,935,1295
73,2011-03-14,1,0,3,0,0,1,1,0.3994,0.4067,0.458,0.1895,647,1975,2622
74,2011-03-15,1,0,3,0,1,1,2,0.3145,0.2944,0.5355,0.3434,614,1744,2358
75,2011-03-16,1,0,3,0,2,1,1,0.3804,0.3863,0.6966,0.4103,507,1430,1937
76,2011-03-17,1,0,3,0,3,1,1,0.3183,0.3481,0.4702,0.666,576,1633,2209
77,2011-03-18,1,0,3,0,4,1,1,0.3214,0.3213,0.3048,0.6322,477,1606,2083
78,2011-03-19,1,0,3,0,5,0,1,0.3994,0.4181,0.494,0.4901,482,955,1437
79,2011-03-20,1,0,3,0,6,0,2,0.3975,0.4598,0.4598,0.4121,431,1224,1655
80,2011-03-21,1,0,3,0,0,1,1,0.3033,0.3259,0.3049,0.4419,340,1044,1384
81,2011-03-22,1,0,3,0,1,1,2,0.4501,0.4824,0.7012,0.1485,399,1364,1763
82,2011-03-23,1,0,3,0,2,1,2,0.3662,0.3574,0.2977,0.0237,548,1745,2293
83,2011-03-24,1,0,3,0,3,1,1,0.2877,0.2737,0.7271,0.4808,466,1667,2133
84,2011-03-25,1,0,3,0,4,1,1,0.3081,0.3237,0.4626,0.2126,472,1534,2006
85,2011-03-26,1,0,3,0,5,0,3,0.3156,0.3376,0.5617,0.2523,510,736,1246
86,2011-03-27,1,0,3,0,6,0,1,0.3064,0.3185,0.32,0.3763,483,1278,1761
87,2011-03-28,1,0,3,0,0,1,1,0.4502,0.4562,0.5892,0.463,662,1851,2513
88,2011-03-29,1,0,3,0,1,1,4,0.4003,0.3927,0.3902,0.0932,410,1235,1645
89,2011-03-30,1,0,3,0,2,1,1,0.3369,0.3317,0.6606,0.1341,584,1525,2109
90,2011-03-31,1,0,3,0,3,1,1,0.2375,0.2171,0.3886,0.2168,735,2131,2866
91,2011-04-01,2,0,4,0,4,1,2,0.5038,0.5265,0.5538,0.4511,710,2233,2943
92,2011-04-02,2,0,4,0,5,0,1,0.5507,0.5739,0.634,0.1054,747,2040,2787
93,2011-04-03,2,0,4,0,6,0,1,0.4712,0.475,0.3279,0.2751,601,1540,2141
94,2011-04-04,2,0,4,0,0,1,2,0.5151,0.4983,0.76,0.7245,771,2345,3116
95,2011-04-05,2,0,4,0,1,1,1,0.5562,0.5394,0.2985,0.4305,659,2029,2688
96,2011-04-06,2,0,4,0,2,1,1,0.42,0.3986,0.4522,0.1344,915,2206,3121
97,2011-04-07,2,0,4,0,3,1,2,0.4133,0.4635,0.5358,0.2475,816,2382,3198
98,2011-04-08,2,0,4,0,4,1,2,0.5407,0.5043,0.4276,0.4724,798,2354,3152
99,2011-04-09,2,0,4,0,5,0,2,0.4215,0.3948,0.4421,0.285,856,2020,2876
100,2011-04-10,2,0,4,0,6,0,2,0.4749,0.4774,0.426,0.5024,749,1744,2493
101,2011-04-11,2,0,4,0,0,1,2,0.4637,0.4697,0.752,0.0144,815,2257,3072
102,2011-04-12,2,0,4,0,1,1,1,0.4427,0.4145,0.4237,0.1302,777,2270,3047
103,2011-04-13,2,0,4,0,2,1,3,0.4468,0.4345,0.5428,0.3408,655,1834,2489
104,2011-04-14,2,0,4,0,3,1,1,0.5894,0.5484,0.3501,0.219,734,2352,3086
105,2011-04-15,2,0,4,0,4,1,1,0.4253,0.4244,0.1291,0.1076,580,1741,2321
106,2011-04-16,2,0,4,0,5,0,2,0.3612,0.3411,0.7853,0.2106,900,2006,2906
107,2011-04-17,2,0,4,0,6,0,2,0.443,0.448,0.3456,0.222,772,1489,2261
108,2011-04-18,2,0,4,0,0,1,2,0.4086,0.3772,0.5276,0.1297,857,2611,3468
109,2011-04-19,2,0,4,0,1,1,1,0.5071,0.5438,0.4254,0.3084,728,2171,2899
110,2011-04-20,2,0,4,0,2,1,1,0.4645,0.4331,0.2072,0.2664,805,2187,2992
111,2011-04-21,2,0,4,0,3,1,2,0.5169,0.4925,0.6412,0.1006,763,2389,3152
112,2011-04-22,2,0,4,0,4,1,1,0.5039,0.541,0.2887,0.2623,886,2468,3354
113,2011-04-23,2,0,4,0,5,0,1,0.4625,0.4619,0.695,0.5085,917,1847,2764
114,2011-04-24,2,0,4,0,6,0,2,0.4195,0.4155,0.6828,0.1632,602,1463,2065
115,2011-04-25,2,0,4,0,0,1,1,0.5591,0.5365,0.6844,0.6147,1008,2813,3821
116,2011-04-26,2,0,4,0,1,1,2,0.5228,0.5462,0.3223,0.5239,799,2354,3153
117,2011-04-27,2,0,4,0,2,1,1,0.499,0.458,0.4578,0.1928,768,2566,3334
118,2011-04-28,2,0,4,0,3,1,1,0.4924,0.4967,0.1979,0.2508,877,2817,3694
119,2011-04-29,2,0,4,0,4,1,1,0.52,0.5434,0.6719,0.3051,657,2185,2842
120,2011-04-30,2,0,4,0,5,0,1,0.4639,0.4914,0.4643,0.2521,715,1517,2232
121,2011-05-01,2,0,5,0,6,0,1,0.5789,0.5815,0.5657,0.5116,708,1425,2133
122,2011-05-02,2,0,5,0,0,1,3,0.6872,0.6388,0.6682,0.1279,946,2822,3768
123,2011-05-03,2,0,5,0,1,1,1,0.5855,0.6398,0.592,0.0989,725,2301,3026
124,2011-05-04,2,0,5,0,2,1,1,0.5694,0.55,0.2912,0.1793,857,2388,3245
125,2011-05-05,2,0,5,0,3,1,1,0.5178,0.5177,0.5549,0.0456,890,2642,3532
126,2011-05-06,2,0,5,0,4,1,1,0.5569,0.5715,0.3137,0.2467,688,2299,2987
127,2011-05-07,2,0,5,0,5,0,1,0.5297,0.5358,0.4944,0.3079,660,1586,2246
128,2011-05-08,2,0,5,0,6,0,1,0.5532,0.5705,0.633,0.2078,877,1816,2693
129,2011-05-09,2,0,5,0,0,1,1,0.5619,0.4947,0.339,0.2131,895,2282,3177
130,2011-05-10,2,0,5,0,1,1,2,0.6287,0.6408,0.4554,0.1792,857,2265,3122
131,2011-05-11,2,0,5,0,2,1,2,0.4697,0.4735,0.7546,0.3079,827,2258,3085
132,2011-05-12,2,0,5,0,3,1,1,0.574,0.6072,0.4573,0.274,832,2368,3200
133,2011-05-13,2,0,5,0,4,1,2,0.6109,0.5951,0.6166,0.1328,618,1755,2373
134,2011-05-14,2,0,5,0,5,0,1,0.6055,0.634,0.594,0.228,736,1898,2634
135,2011-05-15,2,0,5,0,6,0,1,0.5798,0.599,0.3203,0.5263,913,2440,3353
136,2011-05-16,2,0,5,0,0,1,2,0.654,0.6562,0.3251,0.4183,757,2267,3024
137,2011-05-17,2,0,5,0,1,1,1,0.4561,0.4432,0.4415,0.0534,709,2114,2823
138,2011-05-18,2,0,5,0,2,1,2,0.5905,0.6724,0.5633,0.1266,827,2227,3054
139,2011-05-19,2,0,5,0,3,1,1,0.5339,0.4798,0.2353,0.4759,715,2111,2826
140,2011-05-20,2,0,5,0,4,1,1,0.5221,0.5129,0.7045,0.3593,776,2697,3473
141,2011-05-21,2,0,5,0,5,0,2,0.6045,0.5861,0.5339,0.3188,694,1721,2415
142,2011-05-22,2,0,5,0,6,0,1,0.4685,0.4905,0.4572,0.6232,827,1746,2573
143,2011-05-23,2,0,5,0,0,1,2,0.5909,0.5869,0.7946,0.5643,830,2693,3523
144,2011-05-24,2,0,5,0,1,1,2,0.5183,0.5054,0.5246,0.3103,716,2084,2800
145,2011-05-25,2,0,5,0,2,1,1,0.5434,0.5292,0.5102,0.4573,734,2417,3151
146,2011-05-26,2,0,5,0,3,1,1,0.5618,0.5687,0.4298,0.1458,729,2583,3312
147,2011-05-27,2,0,5,0,4,1,2,0.579,0.525,0.5956,0.0995,741,1719,2460
148,2011-05-28,2,0,5,0,5,0,1,0.5811,0.6081,0.5773,0.3147,892,1751,2643
149,2011-05-29,2,0,5,1,6,0,2,0.5805,0.5992,0.4706,0.0973,828,2020,2848
150,2011-05-30,2,0,5,0,0,1,2,0.5785,0.5059,0.7645,0.4842,852,2584,3436
151,2011-05-31,2,0,5,0,1,1,1,0.6167,0.6364,0.3312,0.2637,687,2275,2962
152,2011-06-01,2,0,6,0,2,1,1,0.5732,0.5989,0.4788,0.2619,728,2059,2787
153,2011-06-02,2,0,6,0,3,1,1,0.5988,0.5785,0.4709,0.2405,820,2380,3200
154,2011-06-03,2,0,6,0,4,1,2,0.591,0.5935,0.5676,0.4718,785,2077,2862
155,2011-06-04,2,0,6,0,5,0,2,0.5934,0.5952,0.6341,0.1607,674,1489,2163
156,2011-06-05,2,0,6,0,6,0,1,0.6422,0.659,0.3852,0.114,762,1875,2637
157,2011-06-06,2,0,6,0,0,1,1,0.6008,0.5909,0.6218,0.358,751,2221,2972
158,2011-06-07,2,0,6,0,1,1,1,0.5887,0.6114,0.3035,0.4388,748,2055,2803
159,2011-06-08,2,0,6,0,2,1,2,0.5858,0.5816,0.8187,0.4295,646,2174,2820
160,2011-06-09,2,0,6,0,3,1,2,0.5802,0.5946,0.265,0.2648,911,2678,3589
161,2011-06-10,2,0,6,0,4,1,1,0.5316,0.5045,0.6724,0.19,772,2264,3036
162,2011-06-11,2,0,6,0,5,0,1,0.6389,0.5667,0.4893,0.5325,868,1744,2612
163,2011-06-12,2,0,6,0,6,0,1,0.6096,0.6127,0.554,0.0683,760,1960,2720
164,2011-06-13,2,0,6,0,0,1,1,0.5628,0.5389,0.6767,0.3399,695,2240,2935
165,2011-06-14,2,0,6,0,1,1,2,0.5503,0.5169,0.6862,0.4289,806,2215,3021
166,2011-06-15,2,0,6,0,2,1,2,0.5455,0.5409,0.4399,0.1718,844,2855,3699
167,2011-06-16,2,0,6,0,3,1,1,0.5958,0.5531,0.4191,0.3149,901,2162,3063
168,2011-06-17,2,0,6,0,4,1,1,0.6081,0.6094,0.6285,0.2205,706,2272,2978
169,2011-06-18,2,0,6,0,5,0,2,0.6415,0.6128,0.5533,0.4289,698,1900,2598
170,2011-06-19,2,0,6,0,6,0,1,0.6235,0.6449,0.5895,0.1332,578,1643,2221
171,2011-06-20,2,0,6,0,0,1,3,0.6075,0.5515,0.5624,0.095,680,1945,2625
172,2011-06-21,2,0,6,0,1,1,1,0.6107,0.605,0.1659,0.1051,860,2627,3487
173,2011-06-22,2,0,6,0,2,1,1,0.4264,0.3889,0.5838,0.3298,850,2503,3353
174,2011-06-23,2,0,6,0,3,1,1,0.6519,0.6741,0.3393,0.3502,698,2535,3233
175,2011-06-24,2,0,6,0,4,1,1,0.5488,0.5692,0.3854,0.3464,857,2391,3248
176,2011-06-25,2,0,6,0,5,0,2,0.673,0.6214,0.4026,0.4006,676,1544,2220
177,2011-06-26,2,0,6,0,6,0,1,0.6402,0.7,0.671,0.3082,905,1910,2815
178,2011-06-27,2,0,6,0,0,1,1,0.535,0.4984,0.5121,0.0203,793,2087,2880
179,2011-06-28,2,0,6,0,1,1,1,0.6227,0.6495,0.3806,0.248,855,2574,3429
180,2011-06-29,2,0,6,0,2,1,1,0.6188,0.6431,0.342,0.3398,792,2804,3596
181,2011-06-30,2,0,6,0,3,1,1,0.5566,0.5405,0.3295,0.1492,843,2468,3311
182,2011-07-01,3,0,7,0,4,1,2,0.5518,0.536,0.6567,0.089,907,2782,3689
183,2011-07-02,3,0,7,0,5,0,1,0.6516,0.6067,0.6515,0.2367,848,2043,2891
184,2011-07-03,3,0,7,0,6,0,1,0.6414,0.6789,0.5174,0.5625,834,2067,2901
185,2011-07-04,3,0,7,0,0,1,2,0.6027,0.5959,0.5337,0.0776,855,2553,3408
186,2011-07-05,3,0,7,1,1,0,1,0.5823,0.588,0.3444,0.2735,864,2214,3078
187,2011-07-06,3,0,7,0,2,1,1,0.5949,0.5714,0.2614,0.1892,862,2648,3510
188,2011-07-07,3,0,7,0,3,1,1,0.6374,0.6578,0.3469,0.223,872,2781,3653
189,2011-07-08,3,0,7,0,4,1,1,0.5986,0.5584,0.7622,0.3854,773,2399,3172
190,2011-07-09,3,0,7,0,5,0,1,0.5657,0.5509,0.7203,0.1573,775,1810,2585
191,2011-07-10,3,0,7,0,6,0,1,0.5161,0.4826,0.7177,0.4784,668,1859,2527
192,2011-07-11,3,0,7,0,0,1,2,0.567,0.5601,0.5764,0.25,940,2296,3236
193,2011-07-12,3,0,7,0,1,1,1,0.5171,0.5332,0.2996,0.1599,825,2312,3137
194,2011-07-13,3,0,7,0,2,1,1,0.5521,0.6249,0.5652,0.1708,779,2466,3245
195,2011-07-14,3,0,7,0,3,1,1,0.6208,0.6525,0.6616,0.1801,760,2482,3242
196,2011-07-15,3,0,7,0,4,1,1,0.5262,0.552,0.8167,0.3071,840,2330,3170
197,2011-07-16,3,0,7,0,5,0,1,0.6287,0.6327,0.5025,0.1396,883,1871,2754
198,2011-07-17,3,0,7,0,6,0,2,0.5316,0.5303,0.5392,0.3859,849,1733,2582
199,2011-07-18,3,0,7,0,0,1,1,0.5126,0.492,0.5317,0.557,914,2350,3264
200,2011-07-19,3,0,7,0,1,1,1,0.6422,0.6559,0.5693,0.2609,917,2792,3709
201,2011-07-20,3,0,7,0,2,1,2,0.5843,0.5908,0.4105,0.4195,797,2143,2940
202,2011-07-21,3,0,7,0,3,1,1,0.5161,0.505,0.4951,0.1827,760,2499,3259
203,2011-07-22,3,0,7,0,4,1,2,0.5714,0.5698,0.2287,0.0955,930,2754,3684
204,2011-07-23,3,0,7,0,5,0,1,0.6045,0.6123,0.4901,0.2843,889,2032,2921
205,2011-07-24,3,0,7,0,6,0,1,0.6,0.5913,0.3752,0.5395,806,2086,2892
206,2011-07-25,3,0,7,0,0,1,1,0.5366,0.5691,0.2243,0.2618,988,3022,4010
207,2011-07-26,3,0,7,0,1,1,1,0.6549,0.6402,0.3928,0.1911,936,2768,3704
208,2011-07-27,3,0,7,0,2,1,1,0.6464,0.705,0.3795,0.1636,868,2706,3574
209,2011-07-28,3,0,7,0,3,1,2,0.5062,0.5174,0.2824,0.2297,904,1991,2895
210,2011-07-29,3,0,7,0,4,1,1,0.5509,0.5625,0.6987,0.5318,757,2560,3317
211,2011-07-30,3,0,7,0,5,0,2,0.5582,0.5645,0.2942,0.2998,799,1980,2779
212,2011-07-31,3,0,7,0,6,0,3,0.5819,0.5758,0.4887,0.3278,678,1678,2356
213,2011-08-01,3,0,8,0,0,1,1,0.4559,0.4385,0.7604,0.1841,673,2186,2859
214,2011-08-02,3,0,8,0,1,1,1,0.4891,0.4946,0.8567,0.6349,789,2329,3118
215,2011-08-03,3,0,8,0,2,1,1,0.5021,0.5513,0.5454,0.4333,711,2403,3114
216,2011-08-04,3,0,8,0,3,1,1,0.4713,0.5087,0.5251,0.4824,946,2620,3566
217,2011-08-05,3,0,8,0,4,1,1,0.4133,0.4332,0.1754,0.0848,836,2634,3470
218,2011-08-06,3,0,8,0,5,0,3,0.4655,0.4323,0.5884,0.4006,767,2041,2808
219,2011-08-07,3,0,8,0,6,0,1,0.457,0.4731,0.4913,0.369,913,2070,2983
220,2011-08-08,3,0,8,0,0,1,2,0.4384,0.3712,0.2372,0.0656,804,2173,2977
221,2011-08-09,3,0,8,0,1,1,1,0.4761,0.5027,0.4211,0.4707,693,2165,2858
222,2011-08-10,3,0,8,0,2,1,1,0.4303,0.4178,0.2364,0.1326,732,2299,3031
223,2011-08-11,3,0,8,0,3,1,1,0.5517,0.5558,0.5677,0.3206,794,2187,2981
224,2011-08-12,3,0,8,0,4,1,1,0.5017,0.528,0.7624,0.1386,763,2142,2905
225,2011-08-13,3,0,8,0,5,0,1,0.4202,0.4292,0.4398,0.6071,926,2190,3116
226,2011-08-14,3,0,8,0,6,0,1,0.51,0.4815,0.6993,0.4111,856,1770,2626
227,2011-08-15,3,0,8,0,0,1,1,0.4865,0.5378,0.727,0.1151,839,2463,3302
228,2011-08-16,3,0,8,0,1,1,3,0.5376,0.5455,0.6547,0.3459,756,2737,3493
229,2011-08-17,3,0,8,0,2,1,1,0.4824,0.4621,0.344,0.3592,838,2785,3623
230,2011-08-18,3,0,8,0,3,1,1,0.4042,0.4238,0.1884,0.0346,712,2257,2969
231,2011-08-19,3,0,8,0,4,1,1,0.4324,0.4189,0.5072,0.294,820,2468,3288
232,2011-08-20,3,0,8,0,5,0,1,0.4737,0.4582,0.3926,0.4631,818,2079,2897
233,2011-08-21,3,0,8,0,6,0,1,0.4994,0.5208,0.2105,0.3794,900,1727,2627
234,2011-08-22,3,0,8,0,0,1,2,0.4667,0.4463,0.4966,0.1188,747,2592,3339
235,2011-08-23,3,0,8,0,1,1,3,0.4622,0.469,0.424,0.1024,749,2175,2924
236,2011-08-24,3,0,8,0,2,1,1,0.4634,0.4983,0.6039,0.8789,803,2580,3383
237,2011-08-25,3,0,8,0,3,1,1,0.4404,0.4716,0.4237,0.1892,763,2472,3235
238,2011-08-26,3,0,8,0,4,1,3,0.4972,0.4626,0.5418,0.2434,700,2034,2734
239,2011-08-27,3,0,8,0,5,0,1,0.4922,0.507,0.5294,0.2805,828,1943,2771
240,2011-08-28,3,0,8,0,6,0,1,0.4922,0.49,0.252,0.1731,935,2168,3103
241,2011-08-29,3,0,8,0,0,1,1,0.5078,0.5044,0.3219,0.3458,712,2396,3108
242,2011-08-30,3,0,8,0,1,1,1,0.5054,0.5269,0.4997,0.6203,899,2923,3822
243,2011-08-31,3,0,8,0,2,1,1,0.4181,0.388,0.331,0.1298,874,2913,3787
244,2011-09-01,3,0,9,0,3,1,2,0.3312,0.325,0.448,0.4348,648,2215,2863
245,2011-09-02,3,0,9,0,4,1,1,0.3605,0.366,0.3959,0.2495,815,2312,3127
246,2011-09-03,3,0,9,0,5,0,1,0.3951,0.4457,0.5679,0.4964,829,2075,2904
247,2011-09-04,3,0,9,0,6,0,1,0.3855,0.394,0.4108,0.0374,784,2200,2984
248,2011-09-05,3,0,9,0,0,1,1,0.3227,0.2966,0.5161,0.3166,799,2622,3421
249,2011-09-06,3,0,9,1,1,0,1,0.338,0.3513,0.2438,0.2061,900,2176,3076
250,2011-09-07,3,0,9,0,2,1,2,0.4106,0.4627,0.757,0.14,810,2246,3056
251,2011-09-08,3,0,9,0,3,1,1,0.3121,0.3472,0.4483,0.4984,689,2113,2802
252,2011-09-09,3,0,9,0,4,1,1,0.3484,0.3567,0.6025,0.1261,972,2610,3582
253,2011-09-10,3,0,9,0,5,0,2,0.33,0.3365,0.2765,0.3143,1073,2057,3130
254,2011-09-11,3,0,9,0,6,0,2,0.3352,0.328,0.7875,0.2432,1016,2291,3307
255,2011-09-12,3,0,9,0,0,1,1,0.296,0.3437,0.6237,0.8063,834,2831,3665
256,2011-09-13,3,0,9,0,1,1,2,0.4213,0.4039,0.3315,0.1396,810,2243,3053
257,2011-09-14,3,0,9,0,2,1,4,0.2468,0.2262,0.4132,0.638,663,2133,2796
258,2011-09-15,3,0,9,0,3,1,1,0.3229,0.2724,0.513,0.2045,784,2414,3198
259,2011-09-16,3,0,9,0,4,1,1,0.3592,0.401,0.6101,0.1848,776,2417,3193
260,2011-09-17,3,0,9,0,5,0,1,0.3659,0.434,0.5382,0.3425,788,1514,2302
261,2011-09-18,3,0,9,0,6,0,1,0.3593,0.3735,0.6497,0.1309,802,1631,2433
262,2011-09-19,3,0,9,0,0,1,2,0.3205,0.2817,0.4003,0.3205,864,2634,3498
263,2011-09-20,3,0,9,0,1,1,1,0.3526,0.3699,0.2844,0.4134,792,2208,3000
264,2011-09-21,3,0,9,0,2,1,1,0.3395,0.3252,0.3153,0.0172,923,2623,3546
265,2011-09-22,3,0,9,0,3,1,2,0.3773,0.3794,0.6409,0.1429,708,2132,2840
266,2011-09-23,3,0,9,0,4,1,1,0.3566,0.3859,0.3513,0.5122,816,2476,3292
267,2011-09-24,3,0,9,0,5,0,1,0.381,0.4122,0.1469,0.242,867,2034,2901
268,2011-09-25,3,0,9,0,6,0,1,0.3798,0.3895,0.5651,0.3094,825,2102,2927
269,2011-09-26,3,0,9,0,0,1,1,0.2395,0.2726,0.5173,0.1428,869,2578,3447
270,2011-09-27,3,0,9,0,1,1,1,0.3239,0.3689,0.4388,0.0554,822,2183,3005
271,2011-09-28,3,0,9,0,2,1,1,0.3828,0.4077,0.2529,0.7099,813,2585,3398
272,2011-09-29,3,0,9,0,3,1,1,0.3046,0.3238,0.6225,0.2084,648,2006,2654
273,2011-09-30,3,0,9,0,4,1,2,0.4127,0.4244,0.702,0.2462,772,2529,3301
274,2011-10-01,4,0,10,0,5,0,1,0.3181,0.3203,0.4219,0.0414,821,1385,2206
275,2011-10-02,4,0,10,0,6,0,2,0.249,0.255,0.613,0.1894,657,1229,1886
276,2011-10-03,4,0,10,0,0,1,2,0.263,0.2396,0.5535,0.2279,654,2133,2787
277,2011-10-04,4,0,10,0,1,1,2,0.2516,0.3002,0.6849,0.3772,530,1730,2260
278,2011-10-05,4,0,10,0,2,1,1,0.2288,0.2414,0.7142,0.1239,603,1782,2385
279,2011-10-06,4,0,10,0,3,1,1,0.1968,0.2094,0.5212,0.5808,668,2116,2784
280,2011-10-07,4,0,10,0,4,1,2,0.242,0.264,0.4764,0.1484,708,2144,2852
281,2011-10-08,4,0,10,0,5,0,1,0.2148,0.269,0.3504,0.0828,637,1142,1779
282,2011-10-09,4,0,10,0,6,0,2,0.2439,0.2804,0.5721,0.3485,571,1401,1972
283,2011-10-10,4,0,10,0,0,1,3,0.2748,0.2529,0.4082,0.2354,417,1067,1484
284,2011-10-11,4,0,10,1,1,0,1,0.2774,0.2719,0.6841,0.4649,496,1126,1622
285,2011-10-12,4,0,10,0,2,1,1,0.2292,0.2788,0.7831,0.1845,498,1627,2125
286,2011-10-13,4,0,10,0,3,1,1,0.259,0.2686,0.5153,0.0706,748,1949,2697
287,2011-10-14,4,0,10,0,4,1,1,0.3202,0.3021,0.616,0.1388,562,2041,2603
288,2011-10-15,4,0,10,0,5,0,1,0.1969,0.2168,0.5672,0.1393,389,1090,1479
289,2011-10-16,4,0,10,0,6,0,2,0.2242,0.2517,0.4486,0.19,579,1216,1795
290,2011-10-17,4,0,10,0,0,1,1,0.241,0.2464,0.6559,0.1803,621,1920,2541
291,2011-10-18,4,0,10,0,1,1,1,0.1824,0.1385,0.8417,0.2674,749,2004,2753
292,2011-10-19,4,0,10,0,2,1,1,0.1652,0.1273,0.2872,0.2741,594,1892,2486
293,2011-10-20,4,0,10,0,3,1,3,0.2907,0.2738,0.7831,0.2323,425,1359,1784
294,2011-10-21,4,0,10,0,4,1,1,0.291,0.3281,0.575,0.1411,805,2150,2955
295,2011-10-22,4,0,10,0,5,0,1,0.2955,0.2912,0.3763,0.0737,476,1289,1765
296,2011-10-23,4,0,10,0,6,0,2,0.2118,0.2116,0.4224,0.1837,534,1323,1857
297,2011-10-24,4,0,10,0,0,1,1,0.2015,0.1886,0.4061,0.3353,523,1979,2502
298,2011-10-25,4,0,10,0,1,1,2,0.1834,0.1281,0.4591,0.4455,700,2264,2964
299,2011-10-26,4,0,10,0,2,1,3,0.1972,0.239,0.6154,0.4962,786,1955,2741
300,2011-10-27,4,0,10,0,3,1,1,0.2399,0.2885,0.5364,0.431,591,1501,2092
301,2011-10-28,4,0,10,0,4,1,1,0.2177,0.2465,0.4988,0.347,672,2010,2682
302,2011-10-29,4,0,10,0,5,0,2,0.1427,0.1879,0.631,0.2915,478,1190,1668
303,2011-10-30,4,0,10,0,6,0,2,0.3169,0.2995,0.3599,0.0363,594,1457,2051
304,2011-10-31,4,0,10,0,0,1,1,0.2066,0.1855,0.6091,0.6718,636,1759,2395
305,2011-11-01,4,0,11,0,1,1,2,0.1525,0.1933,0.8609,0.3743,759,1815,2574
306,2011-11-02,4,0,11,0,2,1,1,0.1557,0.1046,0.5833,0.549,658,2023,2681
307,2011-11-03,4,0,11,0,3,1,2,0.12,0.0941,0.2776,0.407,591,1934,2525
308,2011-11-04,4,0,11,0,4,1,1,0.2123,0.2131,0.5948,0.4668,592,2058,2650
309,2011-11-05,4,0,11,0,5,0,1,0.2257,0.2053,0.4378,0.1945,734,1429,2163
310,2011-11-06,4,0,11,0,6,0,1,0.2145,0.2112,0.5264,0.4,469,1319,1788
311,2011-11-07,4,0,11,0,0,1,1,0.1907,0.1876,0.5174,0.1707,597,1576,2173
312,2011-11-08,4,0,11,1,1,0,2,0.146,0.1703,0.5471,0.2747,666,1341,2007
313,2011-11-09,4,0,11,0,2,1,1,0.0673,0.0564,0.2739,0.2404,694,1798,2492
314,2011-11-10,4,0,11,0,3,1,2,0.1375,0.1117,0.3942,0.2516,495,1833,2328
315,2011-11-11,4,0,11,0,4,1,2,0.172,0.1899,0.4476,0.1119,577,1798,2375
316,2011-11-12,4,0,11,0,5,0,3,0.0997,0.0669,0.2934,0.1099,420,882,1302
317,2011-11-13,4,0,11,0,6,0,1,0.0494,0.0781,0.3547,0.4006,417,923,1340
318,2011-11-14,4,0,11,0,0,1,1,0.1412,0.1399,0.84,0.4242,422,1294,1716
319,2011-11-15,4,0,11,0,1,1,1,0.1318,0.1615,0.4492,0.697,611,2002,2613
320,2011-11-16,4,0,11,0,2,1,1,0.1138,0.0922,0.332,0.3518,522,1569,2091
321,2011-11-17,4,0,11,0,3,1,2,0.1823,0.1906,0.4502,0.1229,575,2156,2731
322,2011-11-18,4,0,11,0,4,1,2,0.1182,0.1402,0.5535,0.3888,675,1943,2618
323,2011-11-19,4,0,11,0,5,0,1,0.1232,0.088,0.2789,0.2061,572,1297,1869
324,2011-11-20,4,0,11,0,6,0,2,0.0514,0.0611,0.4066,0.0925,689,1340,2029
325,2011-11-21,4,0,11,0,0,1,1,0.1978,0.1795,0.5953,0.1513,678,2068,2746
326,2011-11-22,4,0,11,0,1,1,1,0.0974,0.1024,0.699,0.2426,598,2104,2702
327,2011-11-23,4,0,11,0,2,1,1,0.0204,0.0,0.3954,0.2621,453,1675,2128
328,2011-11-24,4,0,11,0,3,1,1,0.147,0.1431,0.4483,0.0748,523,1437,1960
329,2011-11-25,4,0,11,0,4,1,1,0.1466,0.1283,0.5957,0.161,526,1885,2411
330,2011-11-26,4,0,11,0,5,0,1,0.2428,0.2132,0.2551,0.1445,562,1491,2053
331,2011-11-27,4,0,11,0,6,0,1,0.0766,0.0498,0.6506,0.6036,399,1189,1588
332,2011-11-28,4,0,11,0,0,1,1,0.1715,0.1536,0.4968,0.3218,768,2148,2916
333,2011-11-29,4,0,11,0,1,1,1,0.1235,0.0705,0.7946,0.1555,473,1438,1911
334,2011-11-30,4,0,11,0,2,1,1,0.0663,0.0588,0.3537,0.3551,660,2044,2704
335,2011-12-01,4,0,12,0,3,1,2,0.1859,0.1112,0.5494,0.5607,609,1748,2357
336,2011-12-02,4,0,12,0,4,1,1,0.1527,0.1616,0.3604,0.4799,586,1787,2373
337,2011-12-03,4,0,12,0,5,0,2,0.0688,0.079,0.2975,0.3288,694,1668,2362
338,2011-12-04,4,0,12,0,6,0,1,0.1661,0.1623,0.4764,0.2047,552,1318,1870
339,2011-12-05,4,0,12,0,0,1,1,0.0626,0.064,0.466,0.3101,549,1690,2239
340,2011-12-06,4,0,12,0,1,1,1,0.1054,0.052,0.1552,0.3131,534,1560,2094
341,2011-12-07,4,0,12,0,2,1,1,0.0894,0.1247,0.8002,0.0849,603,1943,2546
342,2011-12-08,4,0,12,0,3,1,2,0.0703,0.0356,0.2654,0.6058,714,2016,2730
343,2011-12-09,4,0,12,0,4,1,3,0.0427,0.0567,0.558,0.3157,585,1782,2367
344,2011-12-10,4,0,12,0,5,0,1,0.0769,0.0516,0.4676,0.2611,765,1625,2390
345,2011-12-11,4,0,12,0,6,0,1,0.1236,0.0971,0.592,0.3023,580,1711,2291
346,2011-12-12,4,0,12,0,0,1,1,0.0906,0.1113,0.5358,0.4479,571,1660,2231
347,2011-12-13,4,0,12,0,1,1,2,0.0428,0.0591,0.7713,0.2825,692,2221,2913
348,2011-12-14,4,0,12,0,2,1,3,0.1127,0.1278,0.529,0.3709,529,1991,2520
349,2011-12-15,4,0,12,0,3,1,1,0.1535,0.1303,0.5285,0.2654,596,1761,2357
350,2011-12-16,4,0,12,0,4,1,1,0.0287,0.0126,0.4052,0.0742,700,1807,2507
351,2011-12-17,4,0,12,0,5,0,3,0.1003,0.1261,0.4176,0.2633,557,1082,1639
352,2011-12-18,4,0,12,0,6,0,3,0.0669,0.0315,0.7117,0.1848,542,1418,1960
353,2011-12-19,4,0,12,0,0,1,2,0.0615,0.0779,0.7843,0.2838,712,2293,3005
354,2011-12-20,4,0,12,0,1,1,1,0.1114,0.1605,0.7136,0.278,698,1757,2455
355,2011-12-21,4,0,12,0,2,1,1,0.0414,0.1097,0.4708,0.56,544,1613,2157
356,2011-12-22,4,0,12,0,3,1,2,0.0342,0.0,0.5074,0.4106,802,2703,3505
357,2011-12-23,4,0,12,0,4,1,1,0.0805,0.0387,0.4641,0.1142,650,1922,2572
358,2011-12-24,4,0,12,0,5,0,1,0.0545,0.1177,0.345,0.2573,536,1001,1537
359,2011-12-25,4,0,12,0,6,0,3,0.1101,0.1246,0.2817,0.5223,542,951,1493
360,2011-12-26,4,0,12,1,0,0,2,0.0663,0.044,0.6308,0.1705,587,1368,1955
361,2011-12-27,4,0,12,0,1,1,1,0.0746,0.0784,0.3169,0.1823,716,1956,2672
362,2011-12-28,4,0,12,0,2,1,2,0.1245,0.1409,0.6271,0.4178,614,1917,2531
363,2011-12-29,4,0,12,0,3,1,2,0.1259,0.1267,0.5612,0.2709,691,2332,3023
364,2011-12-30,4,0,12,0,4,1,2,0.0458,0.0565,0.4411,0.4544,398,1116,1514
365,2011-12-31,4,0,12,0,5,0,1,0.1191,0.0931,0.4467,0.1908,493,1335,1828
366,2012-01-01,1,1,1,0,6,0,2,0.1726,0.1436,0.4204,0.4377,753,2257,3010
367,2012-01-02,1,1,1,1,0,0,3,0.1704,0.1008,0.9208,0.1708,825,1894,2719
368,2012-01-03,1,1,1,0,1,1,1,0.1301,0.1738,0.4468,0.1742,610,2689,3299
369,2012-01-04,1,1,1,0,2,1,1,0.2252,0.2404,0.5989,0.1165,635,2143,2778
370,2012-01-05,1,1,1,0,3,1,1,0.064,0.0731,0.4121,0.0866,551,2608,3159
371,2012-01-06,1,1,1,0,4,1,1,0.1236,0.1513,0.4133,0.2804,685,2786,3471
372,2012-01-07,1,1,1,0,5,0,1,0.1459,0.1939,0.5855,0.1491,691,2002,2693
373,2012-01-08,1,1,1,0,6,0,1,0.0696,0.0855,0.5935,0.3419,657,1985,2642
374,2012-01-09,1,1,1,0,0,1,1,0.0652,0.0439,0.5281,0.1273,657,2682,3339
375,2012-01-10,1,1,1,0,1,1,1,0.1177,0.1106,0.4969,0.4235,649,2455,3104
376,2012-01-11,1,1,1,0,2,1,2,0.1022,0.079,0.732,0.4185,465,2127,2592
377,2012-01-12,1,1,1,0,3,1,1,0.1939,0.1741,0.4069,0.3694,557,2209,2766
378,2012-01-13,1,1,1,0,4,1,3,0.1487,0.1331,0.624,0.35,723,2508,3231
379,2012-01-14,1,1,1,0,5,0,2,0.0766,0.0875,0.4763,0.281,855,2485,3340
380,2012-01-15,1,1,1,0,6,0,1,0.1571,0.1572,0.659,0.0826,702,2124,2826
381,2012-01-16,1,1,1,0,0,1,2,0.1579,0.1443,0.6156,0.4025,544,2268,2812
382,2012-01-17,1,1,1,0,1,1,1,0.1271,0.1074,0.3647,0.206,624,2731,3355
383,2012-01-18,1,1,1,0,2,1,1,0.108,0.1422,0.6661,0.2599,608,2818,3426
384,2012-01-19,1,1,1,0,3,1,1,0.1648,0.1614,0.5275,0.6113,561,2662,3223
385,2012-01-20,1,1,1,0,4,1,1,0.2007,0.2395,0.3389,0.247,587,2425,3012
386,2012-01-21,1,1,1,0,5,0,3,0.14,0.0768,0.7407,0.6351,422,1431,1853
387,2012-01-22,1,1,1,0,6,0,1,0.158,0.1877,0.5782,0.2235,550,2064,2614
388,2012-01-23,1,1,1,0,0,1,2,0.2364,0.2513,0.1772,0.1891,568,1972,2540
389,2012-01-24,1,1,1,0,1,1,2,0.1224,0.131,0.3824,0.4522,443,2100,2543
390,2012-01-25,1,1,1,0,2,1,1,0.1448,0.1442,0.5843,0.1108,716,3021,3737
391,2012-01-26,1,1,1,0,3,1,1,0.2362,0.2388,0.3588,0.2658,527,2494,3021
392,2012-01-27,1,1,1,0,4,1,2,0.1561,0.1198,0.4519,0.2982,589,2598,3187
393,2012-01-28,1,1,1,0,5,0,2,0.193,0.2005,0.5052,0.3601,573,1587,2160
394,2012-01-29,1,1,1,0,6,0,3,0.0718,0.0149,0.4219,0.3049,581,1618,2199
395,2012-01-30,1,1,1,0,0,1,1,0.092,0.0965,0.5511,0.2802,729,2873,3602
396,2012-01-31,1,1,1,0,1,1,3,0.1113,0.0945,0.6416,0.138,569,2560,3129
397,2012-02-01,1,1,2,0,2,1,1,0.2745,0.29,0.4409,0.0959,634,2261,2895
398,2012-02-02,1,1,2,1,3,0,1,0.1809,0.2231,0.4426,0.594,666,2446,3112
399,2012-02-03,1,1,2,0,4,1,1,0.2363,0.2675,0.2328,0.1904,757,2740,3497
400,2012-02-04,1,1,2,0,5,0,2,0.1957,0.1852,0.548,0.0357,707,2186,2893
401,2012-02-05,1,1,2,0,6,0,2,0.2053,0.214,0.4357,0.0267,437,1440,1877
402,2012-02-06,1,1,2,0,0,1,2,0.2516,0.3066,0.2596,0.5374,580,2439,3019
403,2012-02-07,1,1,2,0,1,1,2,0.2095,0.2387,0.4044,0.27,645,2551,3196
404,2012-02-08,1,1,2,0,2,1,1,0.1842,0.1722,0.7685,0.3051,603,2263,2866
405,2012-02-09,1,1,2,0,3,1,2,0.1816,0.1415,0.3707,0.2266,480,2165,2645
406,2012-02-10,1,1,2,0,4,1,1,0.2589,0.2265,0.3906,0.4965,648,2207,2855
407,2012-02-11,1,1,2,0,5,0,2,0.1316,0.134,0.4994,0.1826,599,1852,2451
408,2012-02-12,1,1,2,0,6,0,2,0.3204,0.2773,0.5492,0.1482,553,1817,2370
409,2012-02-13,1,1,2,0,0,1,1,0.2297,0.2622,0.7216,0.1048,570,2425,2995
410,2012-02-14,1,1,2,0,1,1,1,0.2706,0.2505,0.5841,0.2358,635,2790,3425
411,2012-02-15,1,1,2,0,2,1,1,0.2238,0.2155,0.1506,0.1172,614,2681,3295
412,2012-02-16,1,1,2,0,3,1,1,0.2076,0.1488,0.4582,0.2568,698,2410,3108
413,2012-02-17,1,1,2,0,4,1,1,0.1843,0.1514,0.5105,0.1537,653,2655,3308
414,2012-02-18,1,1,2,0,5,0,2,0.1808,0.2213,0.3479,0.0616,551,1679,2230
415,2012-02-19,1,1,2,0,6,0,1,0.2281,0.2037,0.6008,0.216,697,2042,2739
416,2012-02-20,1,1,2,0,0,1,1,0.2108,0.1879,0.6658,0.1851,642,2330,2972
417,2012-02-21,1,1,2,0,1,1,3,0.2165,0.1443,0.3631,0.0679,623,2142,2765
418,2012-02-22,1,1,2,0,2,1,3,0.1987,0.1807,0.4726,0.0863,587,2130,2717
419,2012-02-23,1,1,2,0,3,1,1,0.2199,0.2055,0.5323,0.3265,487,2018,2505
420,2012-02-24,1,1,2,0,4,1,1,0.3044,0.3132,0.5184,0.1534,593,2582,3175
421,2012-02-25,1,1,2,0,5,0,1,0.256,0.1921,0.5146,0.3564,695,2186,2881
422,2012-02-26,1,1,2,0,6,0,1,0.2182,0.2143,0.2743,0.1565,630,2072,2702
423,2012-02-27,1,1,2,0,0,1,1,0.164,0.1609,0.4997,0.4358,600,2418,3018
424,2012-02-28,1,1,2,0,1,1,2,0.2041,0.1669,0.3858,0.1526,527,2145,2672
425,2012-02-29,1,1,2,0,2,1,1,0.2416,0.2901,0.4152,0.2486,577,2583,3160
426,2012-03-01,1,1,3,0,3,1,2,0.4568,0.4458,0.2018,0.2367,572,2161,2733
427,2012-03-02,1,1,3,0,4,1,2,0.3885,0.39,0.235,0.1146,647,2422,3069
428,2012-03-03,1,1,3,0,5,0,1,0.2891,0.2889,0.5844,0.3481,814,1954,2768
429,2012-03-04,1,1,3,0,6,0,2,0.4108,0.3915,0.3003,0.3835,743,1833,2576
430,2012-03-05,1,1,3,0,0,1,2,0.2778,0.2984,0.5918,0.1825,610,2630,3240
431,2012-03-06,1,1,3,0,1,1,1,0.3576,0.3887,0.6048,0.2659,583,2616,3199
432,2012-03-07,1,1,3,0,2,1,1,0.3806,0.3926,0.5363,0.3674,718,2638,3356
433,2012-03-08,1,1,3,0,3,1,1,0.2769,0.2667,0.5639,0.6045,565,2572,3137
434,2012-03-09,1,1,3,0,4,1,1,0.4036,0.434,0.3184,0.1639,634,2470,3104
435,2012-03-10,1,1,3,0,5,0,1,0.3829,0.3683,0.4026,0.37,438,1727,2165
436,2012-03-11,1,1,3,0,6,0,1,0.3726,0.3586,0.3531,0.202,569,1686,2255
437,2012-03-12,1,1,3,0,0,1,2,0.2814,0.2434,0.6283,0.2432,608,2459,3067
438,2012-03-13,1,1,3,0,1,1,2,0.3419,0.3411,0.4374,0.6595,683,2620,3303
439,2012-03-14,1,1,3,0,2,1,1,0.3634,0.3891,0.504,0.3415,636,2828,3464
440,2012-03-15,1,1,3,0,3,1,1,0.3784,0.3474,0.7755,0.2493,633,2374,3007
441,2012-03-16,1,1,3,0,4,1,1,0.3333,0.3145,0.665,0.3312,597,2506,3103
442,2012-03-17,1,1,3,0,5,0,1,0.2878,0.287,0.2324,0.0789,688,2011,2699
443,2012-03-18,1,1,3,0,6,0,1,0.3629,0.3661,0.6623,0.7102,619,1665,2284
444,2012-03-19,1,1,3,0,0,1,1,0.2408,0.249,0.7362,0.6062,515,2671,3186
445,2012-03-20,1,1,3,0,1,1,3,0.3369,0.3284,0.645,0.255,680,2442,3122
446,2012-03-21,1,1,3,0,2,1,1,0.3438,0.2736,0.3069,0.139,582,2689,3271
447,2012-03-22,1,1,3,0,3,1,1,0.2647,0.2272,0.2946,0.2049,571,2381,2952
448,2012-03-23,1,1,3,0,4,1,1,0.3657,0.3857,0.3945,0.5013,625,1876,2501
449,2012-03-24,1,1,3,0,5,0,2,0.3324,0.4203,0.4859,0.4675,450,1348,1798
450,2012-03-25,1,1,3,0,6,0,2,0.2881,0.3169,0.3472,0.222,630,1934,2564
451,2012-03-26,1,1,3,0,0,1,2,0.4114,0.3629,0.5317,0.1124,512,2156,2668
452,2012-03-27,1,1,3,0,1,1,1,0.2655,0.2587,0.461,0.1444,589,2460,3049
453,2012-03-28,1,1,3,0,2,1,1,0.4546,0.4535,0.3164,0.24,636,2515,3151
454,2012-03-29,1,1,3,0,3,1,1,0.4044,0.4107,0.3995,0.4089,598,2826,3424
455,2012-03-30,1,1,3,0,4,1,2,0.3051,0.2761,0.4209,0.2572,761,2958,3719
456,2012-03-31,1,1,3,0,5,0,2,0.3325,0.3264,0.5137,0.3416,535,1707,2242
457,2012-04-01,2,1,4,0,6,0,3,0.4426,0.4211,0.5588,0.1395,807,2277,3084
458,2012-04-02,2,1,4,0,0,1,1,0.5051,0.529,0.3713,0.282,777,3456,4233
459,2012-04-03,2,1,4,0,1,1,2,0.4867,0.4567,0.6519,0.1151,946,3638,4584
460,2012-04-04,2,1,4,0,2,1,2,0.5219,0.4852,0.6844,0.0997,728,3029,3757
461,2012-04-05,2,1,4,0,3,1,1,0.446,0.4802,0.2921,0.224,930,3853,4783
462,2012-04-06,2,1,4,0,4,1,2,0.4712,0.521,0.6152,0.2237,713,3220,3933
463,2012-04-07,2,1,4,0,5,0,1,0.4826,0.5415,0.5538,0.284,981,2499,3480
464,2012-04-08,2,1,4,0,6,0,1,0.4805,0.4805,0.5652,0.0567,851,2643,3494
465,2012-04-09,2,1,4,0,0,1,1,0.5519,0.5663,0.6573,0.2992,826,3237,4063
466,2012-04-10,2,1,4,0,1,1,2,0.4821,0.5333,0.331,0.4506,852,3118,3970
467,2012-04-11,2,1,4,0,2,1,1,0.4102,0.3904,0.4175,0.1863,856,3433,4289
468,2012-04-12,2,1,4,0,3,1,1,0.4689,0.4346,0.4329,0.2808,731,3255,3986
469,2012-04-13,2,1,4,0,4,1,1,0.4163,0.427,0.2916,0.1347,813,3079,3892
470,2012-04-14,2,1,4,0,5,0,1,0.4134,0.4593,0.5917,0.386,996,3034,4030
471,2012-04-15,2,1,4,0,6,0,1,0.4764,0.4771,0.0982,0.154,1160,3014,4174
472,2012-04-16,2,1,4,0,0,1,2,0.4506,0.4321,0.4531,0.1579,712,2775,3487
473,2012-04-17,2,1,4,0,1,1,3,0.4804,0.4847,0.7424,0.04,645,2546,3191
474,2012-04-18,2,1,4,0,2,1,1,0.5869,0.5587,0.2497,0.1671,906,3426,4332
475,2012-04-19,2,1,4,0,3,1,1,0.4742,0.5067,0.3714,0.0576,769,3108,3877
476,2012-04-20,2,1,4,0,4,1,1,0.4794,0.5086,0.6383,0.7885,817,2971,3788
477,2012-04-21,2,1,4,0,5,0,1,0.4286,0.429,0.4037,0.0611,801,2535,3336
478,2012-04-22,2,1,4,0,6,0,1,0.5392,0.5326,0.5181,0.0587,789,2541,3330
479,2012-04-23,2,1,4,0,0,1,2,0.5003,0.5425,0.4471,0.033,878,3410,4288
480,2012-04-24,2,1,4,0,1,1,1,0.4201,0.4626,0.5669,0.0839,823,3458,4281
481,2012-04-25,2,1,4,0,2,1,1,0.5946,0.5716,0.5456,0.1038,913,3338,4251
482,2012-04-26,2,1,4,0,3,1,1,0.507,0.4758,0.5031,0.3195,832,3450,4282
483,2012-04-27,2,1,4,0,4,1,1,0.4315,0.4111,0.6052,0.1572,863,3713,4576
484,2012-04-28,2,1,4,0,5,0,1,0.421,0.4155,0.5525,0.1661,1126,3134,4260
485,2012-04-29,2,1,4,0,6,0,2,0.4037,0.3895,0.6619,0.1238,901,2724,3625
486,2012-04-30,2,1,4,0,0,1,2,0.4504,0.4546,0.5464,0.4255,798,3417,4215
487,2012-05-01,2,1,5,0,1,1,1,0.671,0.6957,0.5391,0.0271,899,3535,4434
488,2012-05-02,2,1,5,0,2,1,1,0.4952,0.4879,0.2422,0.1698,819,3433,4252
489,2012-05-03,2,1,5,0,3,1,1,0.568,0.5809,0.6392,0.0821,898,3104,4002
490,2012-05-04,2,1,5,0,4,1,1,0.6529,0.6258,0.7942,0.4581,857,3570,4427
491,2012-05-05,2,1,5,0,5,0,2,0.5845,0.587,0.7574,0.2258,1040,2899,3939
492,2012-05-06,2,1,5,0,6,0,1,0.5596,0.5744,0.4473,0.0498,903,2392,3295
493,2012-05-07,2,1,5,0,0,1,3,0.5557,0.5252,0.2381,0.0905,846,3130,3976
494,2012-05-08,2,1,5,0,1,1,1,0.4967,0.5202,0.4411,0.1277,745,3195,3940
495,2012-05-09,2,1,5,0,2,1,1,0.6235,0.5882,0.7639,0.3789,767,3148,3915
496,2012-05-10,2,1,5,0,3,1,1,0.5492,0.5651,0.6966,0.5581,745,3074,3819
497,2012-05-11,2,1,5,0,4,1,1,0.5523,0.5749,0.1854,0.0779,778,3248,4026
498,2012-05-12,2,1,5,0,5,0,2,0.5881,0.5573,0.7526,0.1003,966,2660,3626
499,2012-05-13,2,1,5,0,6,0,1,0.569,0.5752,0.644,0.6637,1071,2712,3783
500,2012-05-14,2,1,5,0,0,1,1,0.6515,0.6411,0.3958,0.0455,849,3300,4149
501,2012-05-15,2,1,5,0,1,1,1,0.5554,0.5574,0.4928,0.2256,684,2284,2968
502,2012-05-16,2,1,5,0,2,1,1,0.6448,0.6566,0.6936,0.3339,808,3374,4182
503,2012-05-17,2,1,5,0,3,1,2,0.6274,0.6418,0.6802,0.2055,940,3179,4119
504,2012-05-18,2,1,5,0,4,1,2,0.4974,0.5041,0.4742,0.3642,740,3643,4383
505,2012-05-19,2,1,5,0,5,0,2,0.6438,0.6174,0.7777,0.1668,782,2875,3657
506,2012-05-20,2,1,5,0,6,0,1,0.5911,0.5613,0.377,0.6349,1003,2944,3947
507,2012-05-21,2,1,5,0,0,1,1,0.6488,0.6718,0.7798,0.5324,740,2869,3609
508,2012-05-22,2,1,5,0,1,1,1,0.512,0.5077,0.6096,0.2009,760,3100,3860
509,2012-05-23,2,1,5,0,2,1,1,0.5496,0.5376,0.694,0.2915,855,3167,4022
510,2012-05-24,2,1,5,0,3,1,1,0.5995,0.632,0.6205,0.4311,829,3312,4141
511,2012-05-25,2,1,5,0,4,1,2,0.5907,0.6167,0.1965,0.0715,853,3333,4186
512,2012-05-26,2,1,5,0,5,0,1,0.5737,0.5712,0.4831,0.0672,837,2609,3446
513,2012-05-27,2,1,5,0,6,0,1,0.577,0.5244,0.3365,0.1904,913,2885,3798
514,2012-05-28,2,1,5,1,0,0,3,0.5625,0.5865,0.3588,0.7635,954,2724,3678
515,2012-05-29,2,1,5,0,1,1,1,0.5786,0.6216,0.6319,0.1885,907,3596,4503
516,2012-05-30,2,1,5,0,2,1,1,0.6371,0.639,0.5267,0.3787,801,3298,4099
517,2012-05-31,2,1,5,0,3,1,2,0.5907,0.6151,0.4478,0.3506,679,2876,3555
518,2012-06-01,2,1,6,0,4,1,2,0.6102,0.5954,0.5701,0.2981,879,3550,4429
519,2012-06-02,2,1,6,0,5,0,2,0.68,0.7046,0.3111,0.7167,1034,3112,4146
520,2012-06-03,2,1,6,0,6,0,1,0.6839,0.6592,0.7295,0.2585,833,2617,3450
521,2012-06-04,2,1,6,0,0,1,2,0.6357,0.665,0.5714,0.0745,751,3199,3950
522,2012-06-05,2,1,6,0,1,1,1,0.6131,0.562,0.4488,0.2195,770,2953,3723
523,2012-06-06,2,1,6,0,2,1,1,0.4837,0.4248,0.1286,0.2996,701,3181,3882
524,2012-06-07,2,1,6,0,3,1,1,0.5568,0.5441,0.3516,0.1628,756,2819,3575
525,2012-06-08,2,1,6,0,4,1,1,0.594,0.6501,0.3947,0.2919,911,3851,4762
526,2012-06-09,2,1,6,0,5,0,1,0.6847,0.6856,0.4065,0.571,967,2730,3697
527,2012-06-10,2,1,6,0,6,0,1,0.6176,0.6504,0.3046,0.2729,837,2331,3168
528,2012-06-11,2,1,6,0,0,1,1,0.4901,0.4636,0.4706,0.358,787,3201,3988
529,2012-06-12,2,1,6,0,1,1,1,0.6008,0.5635,0.5982,0.3902,866,3237,4103
530,2012-06-13,2,1,6,0,2,1,1,0.6286,0.6465,0.5904,0.5355,827,3402,4229
531,2012-06-14,2,1,6,0,3,1,2,0.5797,0.6117,0.3953,0.341,875,2972,3847
532,2012-06-15,2,1,6,0,4,1,1,0.5863,0.5842,0.382,0.0677,867,3448,4315
533,2012-06-16,2,1,6,0,5,0,2,0.6646,0.6261,0.406,0.1891,909,2892,3801
534,2012-06-17,2,1,6,0,6,0,1,0.5197,0.4898,0.2225,0.2055,967,2702,3669
535,2012-06-18,2,1,6,0,0,1,1,0.6115,0.6152,0.239,0.1959,783,3241,4024
536,2012-06-19,2,1,6,0,1,1,1,0.5653,0.6058,0.5899,0.4449,792,3170,3962
537,2012-06-20,2,1,6,0,2,1,1,0.6205,0.5792,0.4471,0.3368,778,3208,3986
538,2012-06-21,2,1,6,0,3,1,1,0.5998,0.6234,0.2918,0.2872,972,3698,4670
539,2012-06-22,2,1,6,0,4,1,1,0.6219,0.6317,0.9262,0.2053,815,3347,4162
540,2012-06-23,2,1,6,0,5,0,1,0.6817,0.6408,0.3305,0.5309,850,2930,3780
541,2012-06-24,2,1,6,0,6,0,2,0.59,0.6031,0.4888,0.0514,795,2344,3139
542,2012-06-25,2,1,6,0,0,1,2,0.5316,0.5631,0.862,0.3307,888,3742,4630
543,2012-06-26,2,1,6,0,1,1,1,0.5223,0.5423,0.5811,0.2723,967,3494,4461
544,2012-06-27,2,1,6,0,2,1,2,0.6014,0.6182,0.6734,0.5946,809,3312,4121
545,2012-06-28,2,1,6,0,3,1,2,0.6999,0.6704,0.4643,0.0481,788,2930,3718
546,2012-06-29,2,1,6,0,4,1,1,0.6544,0.5833,0.7651,0.1468,852,3690,4542
547,2012-06-30,2,1,6,0,5,0,1,0.5851,0.5355,0.5359,0.457,865,2880,3745
548,2012-07-01,3,1,7,0,6,0,1,0.5318,0.516,0.8102,0.2699,1133,3052,4185
549,2012-07-02,3,1,7,0,0,1,2,0.6059,0.6338,0.566,0.1001,888,3053,3941
550,2012-07-03,3,1,7,0,1,1,2,0.5274,0.56,0.3807,0.0631,900,3488,4388
551,2012-07-04,3,1,7,1,2,0,1,0.5766,0.5796,0.5666,0.0871,940,2721,3661
552,2012-07-05,3,1,7,0,3,1,1,0.6453,0.668,0.3488,0.4814,862,3198,4060
553,2012-07-06,3,1,7,0,4,1,1,0.5708,0.5373,0.1476,0.7136,867,3494,4361
554,2012-07-07,3,1,7,0,5,0,2,0.6069,0.6011,0.5618,0.2843,828,2654,3482
555,2012-07-08,3,1,7,0,6,0,1,0.5489,0.5698,0.4253,0.1687,1063,3230,4293
556,2012-07-09,3,1,7,0,0,1,3,0.6718,0.6355,0.5865,0.3505,797,3248,4045
557,2012-07-10,3,1,7,0,1,1,2,0.4662,0.4717,0.348,0.2435,859,3694,4553
558,2012-07-11,3,1,7,0,2,1,2,0.6508,0.6409,0.4932,0.0726,950,3326,4276
559,2012-07-12,3,1,7,0,3,1,1,0.6097,0.5909,0.5487,0.514,791,3312,4103
560,2012-07-13,3,1,7,0,4,1,1,0.6655,0.6677,0.5671,0.1922,999,4073,5072
561,2012-07-14,3,1,7,0,5,0,1,0.5268,0.5375,0.2867,0.1185,991,3202,4193
562,2012-07-15,3,1,7,0,6,0,1,0.6557,0.7238,0.5578,0.2641,1077,3183,4260
563,2012-07-16,3,1,7,0,0,1,2,0.5364,0.5229,0.2553,0.077,799,3096,3895
564,2012-07-17,3,1,7,0,1,1,1,0.5026,0.494,0.5655,0.1261,832,3834,4666
565,2012-07-18,3,1,7,0,2,1,1,0.5443,0.5582,0.5252,0.3165,823,3405,4228
566,2012-07-19,3,1,7,0,3,1,2,0.5771,0.6361,0.3425,0.2266,878,3525,4403
567,2012-07-20,3,1,7,0,4,1,2,0.6157,0.6086,0.7717,0.417,885,3094,3979
568,2012-07-21,3,1,7,0,5,0,1,0.4149,0.3809,0.7052,0.326,985,2771,3756
569,2012-07-22,3,1,7,0,6,0,2,0.5624,0.5328,0.6019,0.383,986,2910,3896
570,2012-07-23,3,1,7,0,0,1,2,0.6136,0.6507,0.4053,0.0918,772,3109,3881
571,2012-07-24,3,1,7,0,1,1,1,0.5182,0.5536,0.6858,0.3458,923,3616,4539
572,2012-07-25,3,1,7,0,2,1,1,0.511,0.5081,0.6677,0.3282,852,3521,4373
573,2012-07-26,3,1,7,0,3,1,1,0.6079,0.5625,0.7874,0.4681,889,3586,4475
574,2012-07-27,3,1,7,0,4,1,2,0.4918,0.5144,0.6174,0.2382,797,3090,3887
575,2012-07-28,3,1,7,0,5,0,1,0.5598,0.5189,0.3495,0.3406,1018,3056,4074
576,2012-07-29,3,1,7,0,6,0,2,0.596,0.5514,0.3781,0.5952,951,2730,3681
577,2012-07-30,3,1,7,0,0,1,1,0.636,0.6755,0.6814,0.3435,852,3793,4645
578,2012-07-31,3,1,7,0,1,1,2,0.6161,0.59,0.4913,0.2477,788,3120,3908
579,2012-08-01,3,1,8,0,2,1,1,0.4776,0.5217,0.6121,0.573,841,3320,4161
580,2012-08-02,3,1,8,0,3,1,1,0.5003,0.536,0.7419,0.2277,865,3381,4246
581,2012-08-03,3,1,8,0,4,1,2,0.4625,0.4224,0.562,0.6314,776,3134,3910
582,2012-08-04,3,1,8,0,5,0,2,0.4909,0.4639,0.428,0.4556,1026,2669,3695
583,2012-08-05,3,1,8,0,6,0,2,0.5969,0.622,0.5344,0.4667,932,3052,3984
584,2012-08-06,3,1,8,0,0,1,1,0.54,0.5721,0.3238,0.1886,1024,3556,4580
585,2012-08-07,3,1,8,0,1,1,3,0.4757,0.4526,0.7683,0.1959,691,2941,3632
586,2012-08-08,3,1,8,0,2,1,2,0.416,0.4616,0.2143,0.4353,753,3221,3974
587,2012-08-09,3,1,8,0,3,1,1,0.3725,0.352,0.3109,0.4261,787,3375,4162
588,2012-08-10,3,1,8,0,4,1,1,0.513,0.5428,0.6598,0.2019,990,3951,4941
589,2012-08-11,3,1,8,0,5,0,2,0.4184,0.4451,0.5371,0.1934,930,2560,3490
590,2012-08-12,3,1,8,0,6,0,3,0.4344,0.4444,0.2795,0.4233,983,3245,4228
591,2012-08-13,3,1,8,0,0,1,4,0.3719,0.421,0.1976,0.1573,688,2857,3545
592,2012-08-14,3,1,8,0,1,1,1,0.4578,0.4581,0.727,0.0619,825,3435,4260
593,2012-08-15,3,1,8,0,2,1,2,0.5692,0.5911,0.7479,0.2123,887,3773,4660
594,2012-08-16,3,1,8,0,3,1,2,0.5153,0.5493,0.6747,0.4699,863,3717,4580
595,2012-08-17,3,1,8,0,4,1,3,0.4898,0.521,0.2717,0.215,895,3444,4339
596,2012-08-18,3,1,8,0,5,0,1,0.4732,0.4454,0.3669,0.3241,845,2636,3481
597,2012-08-19,3,1,8,0,6,0,1,0.546,0.5213,0.1419,0.3403,979,3233,4212
598,2012-08-20,3,1,8,0,0,1,1,0.5215,0.5504,0.7326,0.1427,871,3299,4170
599,2012-08-21,3,1,8,0,1,1,1,0.425,0.4908,0.3407,0.1852,830,3397,4227
600,2012-08-22,3,1,8,0,2,1,2,0.4259,0.4367,0.7092,0.4012,857,2930,3787
601,2012-08-23,3,1,8,0,3,1,1,0.4407,0.4253,0.717,0.5192,979,3344,4323
602,2012-08-24,3,1,8,0,4,1,1,0.501,0.4835,0.555,0.2937,967,3696,4663
603,2012-08-25,3,1,8,0,5,0,2,0.3803,0.3992,0.342,0.2224,968,2735,3703
604,2012-08-26,3,1,8,0,6,0,1,0.4118,0.4235,0.2441,0.3367,945,2904,3849
605,2012-08-27,3,1,8,0,0,1,1,0.4565,0.4493,0.4752,0.2421,915,3550,4465
606,2012-08-28,3,1,8,0,1,1,1,0.46,0.4328,0.5618,0.3199,886,3728,4614
607,2012-08-29,3,1,8,0,2,1,2,0.5095,0.4346,0.2662,0.1629,805,3461,4266
608,2012-08-30,3,1,8,0,3,1,2,0.5308,0.5601,0.4445,0.5449,888,3425,4313
609,2012-08-31,3,1,8,0,4,1,2,0.4493,0.4492,0.5707,0.2146,893,3629,4522
610,2012-09-01,3,1,9,0,5,0,2,0.262,0.2423,0.4183,0.3459,840,2655,3495
611,2012-09-02,3,1,9,0,6,0,1,0.3043,0.3038,0.3786,0.365,1014,2809,3823
612,2012-09-03,3,1,9,0,0,1,2,0.4048,0.3836,0.6232,0.4584,920,3419,4339
613,2012-09-04,3,1,9,0,1,1,2,0.4076,0.4095,0.6235,0.0985,933,3374,4307
614,2012-09-05,3,1,9,1,2,0,1,0.467,0.4127,0.2675,0.2056,1039,3430,4469
615,2012-09-06,3,1,9,0,3,1,1,0.408,0.3614,0.2242,0.2318,850,3242,4092
616,2012-09-07,3,1,9,0,4,1,1,0.3563,0.3089,0.5472,0.4296,876,3413,4289
617,2012-09-08,3,1,9,0,5,0,1,0.3328,0.3359,0.4686,0.0214,949,2891,3840
618,2012-09-09,3,1,9,0,6,0,1,0.3932,0.381,0.6576,0.4701,866,2781,3647
619,2012-09-10,3,1,9,0,0,1,3,0.3055,0.3187,0.3676,0.1668,877,3340,4217
620,2012-09-11,3,1,9,0,1,1,2,0.3482,0.3306,0.3944,0.3226,980,3972,4952
621,2012-09-12,3,1,9,0,2,1,1,0.4031,0.3504,0.3606,0.1308,847,2987,3834
622,2012-09-13,3,1,9,0,3,1,1,0.3288,0.3248,0.4564,0.3092,855,3293,4148
623,2012-09-14,3,1,9,0,4,1,1,0.4815,0.4543,0.6237,0.0659,914,3534,4448
624,2012-09-15,3,1,9,0,5,0,1,0.3156,0.3392,0.3827,0.1058,772,2879,3651
625,2012-09-16,3,1,9,0,6,0,1,0.3894,0.4418,0.6078,0.5557,907,2930,3837
626,2012-09-17,3,1,9,0,0,1,1,0.2688,0.3072,0.4025,0.0931,933,3470,4403
627,2012-09-18,3,1,9,0,1,1,2,0.3929,0.3907,0.3102,0.3506,769,4160,4929
628,2012-09-19,3,1,9,0,2,1,1,0.3119,0.297,0.5303,0.3764,870,3574,4444
629,2012-09-20,3,1,9,0,3,1,1,0.3946,0.4391,0.1187,0.14,893,3900,4793
630,2012-09-21,3,1,9,0,4,1,2,0.2806,0.2538,0.1202,0.31,891,3156,4047
631,2012-09-22,3,1,9,0,5,0,3,0.4505,0.4453,0.6533,0.2201,881,2620,3501
632,2012-09-23,3,1,9,0,6,0,1,0.4085,0.3921,0.6539,0.4033,916,2749,3665
633,2012-09-24,3,1,9,0,0,1,2,0.3126,0.2901,0.5666,0.3215,922,3154,4076
634,2012-09-25,3,1,9,0,1,1,1,0.4014,0.3824,0.6101,0.2029,940,4198,5138
635,2012-09-26,3,1,9,0,2,1,1,0.3442,0.3707,0.5248,0.2774,989,3831,4820
636,2012-09-27,3,1,9,0,3,1,3,0.3564,0.3387,0.351,0.1341,846,3394,4240
637,2012-09-28,3,1,9,0,4,1,2,0.3445,0.3197,0.3014,0.0743,853,3429,4282
638,2012-09-29,3,1,9,0,5,0,1,0.3894,0.4032,0.594,0.1446,985,2712,3697
639,2012-09-30,3,1,9,0,6,0,1,0.363,0.3033,0.529,0.4247,1102,3301,4403
640,2012-10-01,4,1,10,0,0,1,1,0.1856,0.1919,0.3388,0.1784,750,2872,3622
641,2012-10-02,4,1,10,0,1,1,2,0.2795,0.2679,0.3104,0.3119,676,2527,3203
642,2012-10-03,4,1,10,0,2,1,3,0.2746,0.2882,0.3053,0.1125,683,2677,3360
643,2012-10-04,4,1,10,0,3,1,1,0.2663,0.294,0.4697,0.5478,836,2773,3609
644,2012-10-05,4,1,10,0,4,1,1,0.1672,0.2434,0.8227,0.5142,630,2722,3352
645,2012-10-06,4,1,10,0,5,0,1,0.2412,0.2233,0.4443,0.422,688,2053,2741
646,2012-10-07,4,1,10,0,6,0,3,0.3131,0.3079,0.4115,0.3943,660,2209,2869
647,2012-10-08,4,1,10,0,0,1,2,0.2185,0.1919,0.3442,0.099,703,2783,3486
648,2012-10-09,4,1,10,0,1,1,1,0.1551,0.1965,0.4826,0.4426,650,2639,3289
649,2012-10-10,4,1,10,1,2,0,1,0.2611,0.3275,0.3471,0.3153,927,2602,3529
650,2012-10-11,4,1,10,0,3,1,1,0.1861,0.2224,0.483,0.4421,574,2778,3352
651,2012-10-12,4,1,10,0,4,1,2,0.3466,0.3055,0.3809,0.2832,678,2846,3524
652,2012-10-13,4,1,10,0,5,0,1,0.2825,0.2637,0.6672,0.2712,693,2200,2893
653,2012-10-14,4,1,10,0,6,0,1,0.1997,0.2141,0.6918,0.2318,747,2172,2919
654,2012-10-15,4,1,10,0,0,1,1,0.2445,0.2225,0.4445,0.0671,618,2903,3521
655,2012-10-16,4,1,10,0,1,1,2,0.2485,0.238,0.5964,0.2284,647,3180,3827
656,2012-10-17,4,1,10,0,2,1,1,0.1916,0.2184,0.6244,0.3336,648,2607,3255
657,2012-10-18,4,1,10,0,3,1,1,0.3067,0.3119,0.3745,0.3166,671,2838,3509
658,2012-10-19,4,1,10,0,4,1,1,0.2421,0.3172,0.4466,0.6594,659,2733,3392
659,2012-10-20,4,1,10,0,5,0,1,0.1264,0.1448,0.7004,0.0892,929,2905,3834
660,2012-10-21,4,1,10,0,6,0,1,0.1756,0.1519,0.4022,0.0978,642,2166,2808
661,2012-10-22,4,1,10,0,0,1,2,0.2275,0.2217,0.2461,0.1929,692,2563,3255
662,2012-10-23,4,1,10,0,1,1,2,0.2776,0.3119,0.7412,0.2459,611,2875,3486
663,2012-10-24,4,1,10,0,2,1,1,0.2669,0.269,0.3386,0.5354,660,2625,3285
664,2012-10-25,4,1,10,0,3,1,2,0.2777,0.2881,0.621,0.0862,663,2883,3546
665,2012-10-26,4,1,10,0,4,1,3,0.2182,0.2444,0.5144,0.3872,684,2574,3258
666,2012-10-27,4,1,10,0,5,0,1,0.2328,0.2318,0.7258,0.2252,726,2532,3258
667,2012-10-28,4,1,10,0,6,0,2,0.2446,0.288,0.528,0.1873,733,2487,3220
668,2012-10-29,4,1,10,0,0,1,3,0.1408,0.1565,0.3894,0.0369,718,2612,3330
669,2012-10-30,4,1,10,0,1,1,1,0.1925,0.1806,0.5678,0.4118,732,2858,3590
670,2012-10-31,4,1,10,0,2,1,1,0.1228,0.1492,0.5224,0.3184,735,2567,3302
671,2012-11-01,4,1,11,0,3,1,2,0.2264,0.1732,0.6429,0.2997,772,2849,3621
672,2012-11-02,4,1,11,0,4,1,2,0.0253,0.0032,0.5309,0.5025,772,2847,3619
673,2012-11-03,4,1,11,0,5,0,1,0.1153,0.176,0.6394,0.0401,768,2389,3157
674,2012-11-04,4,1,11,0,6,0,2,0.0822,0.0578,0.4453,0.4458,664,1972,2636
675,2012-11-05,4,1,11,0,0,1,3,0.1515,0.1563,0.5299,0.0701,612,2473,3085
676,2012-11-06,4,1,11,0,1,1,1,0.1489,0.1343,0.4451,0.0689,700,2791,3491
677,2012-11-07,4,1,11,1,2,0,1,0.1819,0.2199,0.6513,0.1679,777,2344,3121
678,2012-11-08,4,1,11,0,3,1,3,0.1012,0.0884,0.3906,0.2117,565,2447,3012
679,2012-11-09,4,1,11,0,4,1,1,0.1379,0.1549,0.587,0.0689,735,2842,3577
680,2012-11-10,4,1,11,0,5,0,1,0.1748,0.1671,0.4991,0.5668,675,2133,2808
681,2012-11-11,4,1,11,0,6,0,1,0.0908,0.0781,0.291,0.4077,517,1980,2497
682,2012-11-12,4,1,11,0,0,1,1,0.1323,0.1241,0.6435,0.4644,688,2629,3317
683,2012-11-13,4,1,11,0,1,1,3,0.1732,0.1435,0.6965,0.4159,538,2223,2761
684,2012-11-14,4,1,11,0,2,1,2,0.096,0.1114,0.2199,0.1356,725,2647,3372
685,2012-11-15,4,1,11,0,3,1,2,0.1185,0.1385,0.2933,0.1839,715,2567,3282
686,2012-11-16,4,1,11,0,4,1,1,0.1703,0.1512,0.6019,0.0786,806,2757,3563
687,2012-11-17,4,1,11,0,5,0,1,0.1821,0.1815,0.4589,0.0899,716,1855,2571
688,2012-11-18,4,1,11,0,6,0,1,0.1844,0.1806,0.6517,0.1278,688,2074,2762
689,2012-11-19,4,1,11,0,0,1,1,0.0899,0.084,0.386,0.2041,721,2745,3466
690,2012-11-20,4,1,11,0,1,1,1,0.0642,0.0608,0.5144,0.1154,511,2722,3233
691,2012-11-21,4,1,11,0,2,1,2,0.131,0.1437,0.3426,0.2108,673,2730,3403
692,2012-11-22,4,1,11,0,3,1,1,0.196,0.1603,0.3069,0.5913,700,2557,3257
693,2012-11-23,4,1,11,0,4,1,1,0.1917,0.2533,0.8251,0.0915,767,2684,3451
694,2012-11-24,4,1,11,0,5,0,1,0.1009,0.103,0.3817,0.4296,682,1977,2659
695,2012-11-25,4,1,11,0,6,0,2,0.2044,0.1834,0.2062,0.255,722,2269,2991
696,2012-11-26,4,1,11,0,0,1,2,0.148,0.2035,0.5916,0.0525,706,2984,3690
697,2012-11-27,4,1,11,0,1,1,1,0.1499,0.0684,0.4357,0.3296,775,3040,3815
698,2012-11-28,4,1,11,0,2,1,2,0.1392,0.0935,0.307,0.3119,677,2649,3326
699,2012-11-29,4,1,11,0,3,1,1,0.1805,0.1591,0.6621,0.2539,821,2853,3674
700,2012-11-30,4,1,11,0,4,1,1,0.2218,0.242,0.6445,0.3636,817,2999,3816
701,2012-12-01,4,1,12,0,5,0,1,0.076,0.112,0.3123,0.4123,753,2063,2816
702,2012-12-02,4,1,12,0,6,0,1,0.0442,0.0416,0.5862,0.2738,881,2479,3360
703,2012-12-03,4,1,12,0,0,1,1,0.1085,0.1075,0.3406,0.2925,725,2551,3276
704,2012-12-04,4,1,12,0,1,1,1,0.107,0.1144,0.5117,0.1596,799,2923,3722
705,2012-12-05,4,1,12,0,2,1,2,0.0794,0.063,0.5441,0.2192,655,2546,3201
706,2012-12-06,4,1,12,0,3,1,2,0.1599,0.176,0.3036,0.4126,718,2679,3397
707,2012-12-07,4,1,12,0,4,1,3,0.1529,0.1617,0.6244,0.1715,597,2481,3078
708,2012-12-08,4,1,12,0,5,0,1,0.1562,0.0984,0.7099,0.3935,764,1893,2657
709,2012-12-09,4,1,12,0,6,0,1,0.1674,0.1947,0.5236,0.388,647,2348,2995
710,2012-12-10,4,1,12,0,0,1,2,0.1018,0.1024,0.5775,0.2329,706,2945,3651
711,2012-12-11,4,1,12,0,1,1,3,0.063,0.0514,0.6029,0.4638,653,2259,2912
712,2012-12-12,4,1,12,0,2,1,1,0.1244,0.1568,0.6272,0.2249,642,2643,3285
713,2012-12-13,4,1,12,0,3,1,1,0.2362,0.2544,0.6673,0.0766,578,2624,3202
714,2012-12-14,4,1,12,0,4,1,2,0.0713,0.0723,0.4804,0.1001,743,2791,3534
715,2012-12-15,4,1,12,0,5,0,2,0.119,0.1654,0.6372,0.2903,744,2104,2848
716,2012-12-16,4,1,12,0,6,0,1,0.0499,0.0402,0.6402,0.4743,613,2375,2988
717,2012-12-17,4,1,12,0,0,1,2,0.0,0.0,0.4759,0.5969,499,2080,2579
718,2012-12-18,4,1,12,0,1,1,2,0.1224,0.1415,0.4791,0.2352,707,2853,3560
719,2012-12-19,4,1,12,0,2,1,1,0.0816,0.0483,0.6257,0.1418,719,2666,3385
720,2012-12-20,4,1,12,0,3,1,2,0.0145,0.0178,0.42,0.4533,651,3305,3956
721,2012-12-21,4,1,12,0,4,1,2,0.0866,0.0733,0.4303,0.1029,738,2673,3411
722,2012-12-22,4,1,12,0,5,0,1,0.0782,0.0491,0.7065,0.3214,706,2267,2973
723,2012-12-23,4,1,12,0,6,0,1,0.1081,0.1542,0.4053,0.4162,710,2057,2767
724,2012-12-24,4,1,12,0,0,1,1,0.1184,0.1614,0.271,0.5434,719,3411,4130
725,2012-12-25,4,1,12,1,1,0,2,0.1522,0.1558,0.2787,0.4966,861,2633,3494
726,2012-12-26,4,1,12,0,2,1,3,0.0589,0.0459,0.4197,0.0536,671,2539,3210
727,2012-12-27,4,1,12,0,3,1,3,0.1183,0.1593,0.5418,0.4332,678,2569,3247
728,2012-12-28,4,1,12,0,4,1,1,0.1124,0.1678,0.5321,0.1818,662,2993,3655
729,2012-12-29,4,1,12,0,5,0,1,0.1186,0.1358,0.229,0.1202,617,2193,2810
730,2012-12-30,4,1,12,0,6,0,2,0.0991,0.1226,0.4374,0.2008,860,2517,3377
731,2012-12-31,4,1,12,0,0,1,1,0.0908,0.1009,0.7799,0.5349,772,2829,3601
